teta_online = 0.1, teta_agglo = 0.400000 ,,
No hyperboxes, Training time, Testing error,
30,0.930404,0.03,
37,1.084336,0.035,
31,0.943341,0.045,
34,1.026829,0.035,
31,0.939164,0.045,
33,0.936093,0.05,
31,1.000097,0.05,
33,1.009958,0.04,
32,0.973671,0.02,
31,0.888986,0.04,
,,,
32.3,0.9732879,0.039,Mean
1.95192213,0.05445407,0.008888194,Std
30,0.888986,0.02,Min
37,1.084336,0.05,Max
