teta_online = 0.1, teta_agglo = 0.400000 ,,
No hyperboxes, Training time, Testing error,
24,0.960391,0,
23,0.941387,0,
23,0.962925,0,
23,0.937976,0.001647,
23,0.881512,0.001647,
25,1.029194,0.003295,
27,0.918965,0.003295,
27,0.924457,0,
24,0.87728,0,
23,0.901764,0.001647,
,,,
24.2,0.9335851,0.0011531,Mean
1.53622915,0.042417121,0.001286681,Std
23,0.87728,0,Min
27,1.029194,0.003295,Max
