teta_online = 0.1, teta_agglo = 0.400000 ,,
No hyperboxes, Training time, Testing error,
55,6.274651,0.079646,
56,6.301022,0.061947,
55,6.063838,0.053097,
56,6.389504,0.070796,
58,6.095748,0.061947,
54,6.312324,0.044248,
59,6.211611,0.061947,
55,6.087821,0.070796,
58,6.189259,0.061947,
55,6.441053,0.035398,
,,,
56.1,6.2366831,0.0601769,Mean
1.577973384,0.122963245,0.012389343,Std
54,6.063838,0.035398,Min
59,6.441053,0.079646,Max
