teta_online = 0.1, teta_agglo = 0.400000 ,,
No hyperboxes, Training time, Testing error,
35,0.476002,0.395349,
33,0.472809,0.209302,
33,0.478749,0.372093,
32,0.493324,0.372093,
34,0.562904,0.325581,
32,0.471724,0.325581,
30,0.486667,0.302326,
36,0.483002,0.302326,
37,0.51317,0.302326,
31,0.451251,0.232558,
,,,
33.3,0.4889602,0.3139535,Mean
2.1,0.028923549,0.056248367,Std
30,0.451251,0.209302,Min
37,0.562904,0.395349,Max
