teta_online = 0.1, teta_agglo = 0.400000 ,,
No hyperboxes, Training time, Testing error,
130,4.194427,0.166667,
131,3.790508,0.185185,
131,3.814174,0.166667,
130,3.81939,0.185185,
129,3.769201,0.185185,
130,3.81472,0.166667,
129,3.749872,0.185185,
130,3.773596,0.185185,
130,3.765549,0.185185,
130,3.797104,0.185185,
,,,
130,3.8288541,0.1796296,Mean
0.632455532,0.123888879,0.008486014,Std
129,3.749872,0.166667,Min
131,4.194427,0.185185,Max
