teta_online = 0.1, teta_agglo = 0.400000 ,,
No hyperboxes, Training time, Testing error,
118,3.753732,0.197183,
126,4.735994,0.126761,
124,4.380519,0.140845,
120,4.268651,0.183099,
120,4.13464,0.098592,
112,4.048092,0.197183,
130,4.791751,0.140845,
116,4.25342,0.15493,
126,4.081182,0.084507,
120,3.899024,0.098592,
,,,
121.2,4.2347005,0.1422537,Mean
5.075431016,0.315718023,0.039057452,Std
112,3.753732,0.084507,Min
130,4.791751,0.197183,Max
