teta_online = 0.1, teta_agglo = 0.400000 ,,
No hyperboxes, Training time, Testing error,
10,0.163094,0.1,
11,0.14904,0.1,
10,0.162617,0.1,
11,0.167855,0.1,
10,0.155378,0.1,
11,0.148681,0.1,
11,0.169488,0.1,
11,0.150626,0.1,
10,0.166166,0.1,
10,0.148776,0.1,
,,,
10.5,0.1581721,0.1,Mean
0.5,0.008100657,1.38778E-17,Std
10,0.148681,0.1,Min
11,0.169488,0.1,Max
