teta_online = 0.1, teta_agglo = 0.400000 ,,
No hyperboxes, Training time, Testing error,
846,1495.237794,0.077027,
873,1524.441254,0.07027,
774,1290.038564,0.081757,
821,1267.870819,0.068243,
860,1318.98165,0.078378,
836,1288.423304,0.082432,
853,1300.767325,0.081757,
873,1331.45228,0.071622,
815,13958.1782,0.080405,
835,1384.027578,0.083784,
,,,
838.6,2615.941877,0.0775675,Mean
28.54189903,3781.674405,0.005310003,Std
774,1267.870819,0.068243,Min
873,13958.1782,0.083784,Max
