teta_online = 0.1, teta_agglo = 0.400000 ,,
No hyperboxes, Training time, Testing error,
106,26.616392,0.030303,
111,25.535863,0.049784,
104,26.115935,0.036797,
106,25.963261,0.041126,
104,26.248589,0.045455,
109,25.582679,0.047619,
109,25.752919,0.038961,
108,25.80444,0.054113,
108,25.541417,0.041126,
106,25.726526,0.04329,
,,,
107.1,25.8888021,0.0428574,Mean
2.165640783,0.332691395,0.006479141,Std
104,25.535863,0.030303,Min
111,26.616392,0.054113,Max
