teta_online = 0.1, teta_agglo = 0.400000 ,,
No hyperboxes, Training time, Testing error,
5,0.155054,0,
5,0.139497,0,
5,0.146615,0,
5,0.147615,0,
5,0.156969,0,
5,0.149134,0,
5,0.146982,0,
5,0.150489,0,
5,0.14126,0,
5,0.148101,0,
,,,
5,0.1481716,0,Mean
0,0.005081634,0,Std
5,0.139497,0,Min
5,0.156969,0,Max
