teta_online = 0.1, teta_agglo = 0.400000 ,,
No hyperboxes, Training time, Testing error,
24,0.506519,0,
25,0.595202,0.005,
22,0.497098,0.005,
23,0.543532,0.015,
23,0.530863,0,
21,0.480108,0,
23,0.503074,0.005,
20,0.495488,0.005,
22,0.488465,0.005,
23,0.489008,0.005,
,,,
22.6,0.5129357,0.0045,Mean
1.356465997,0.033117904,0.004153312,Std
20,0.480108,0,Min
25,0.595202,0.015,Max
