teta_online = 0.1, teta_agglo = 0.400000 ,,
No hyperboxes, Training time, Testing error,
21,0.256731,0.151,
23,0.290742,0.127,
27,0.358166,0.145,
20,0.274497,0.151,
19,0.268001,0.15,
24,0.312768,0.165,
20,0.261893,0.124,
26,0.328045,0.137,
22,0.28964,0.138,
20,0.256586,0.141,
,,,
22.2,0.2897069,0.1429,Mean
2.6,0.032171187,0.011605602,Std
19,0.256586,0.124,Min
27,0.358166,0.165,Max
