teta_online = 0.1, teta_agglo = 0.400000 ,,
No hyperboxes, Training time, Testing error,
46,1.433677,0.16,
48,1.205923,0.152,
43,1.089107,0.14,
44,1.108364,0.18,
47,1.339517,0.14,
46,1.230142,0.096,
47,1.212081,0.128,
46,1.230079,0.156,
46,1.150565,0.14,
42,1.120789,0.152,
,,,
45.5,1.2120244,0.1444,Mean
1.802775638,0.101995591,0.021048515,Std
42,1.089107,0.096,Min
48,1.433677,0.18,Max
