teta_online = 0.1, teta_agglo = 0.400000 ,,
No hyperboxes, Training time, Testing error,
18,0.231288,0.023256,
14,0.238074,0.046512,
16,0.232486,0,
13,0.227918,0.116279,
16,0.222125,0.116279,
15,0.218968,0.093023,
17,0.245717,0.046512,
18,0.215733,0.046512,
16,0.216641,0,
18,0.225934,0.023256,
,,,
16.1,0.2274884,0.0511629,Mean
1.640121947,0.009184603,0.041340354,Std
13,0.215733,0,Min
18,0.245717,0.116279,Max
