teta_online = 0.1, teta_agglo = 0.400000 ,,
No hyperboxes, Training time, Testing error,
823,1542.17698,0.045946,
829,1548.773585,0.041216,
820,1541.607114,0.045946,
842,1600.717655,0.050676,
824,1539.217037,0.052027,
812,1522.594645,0.039865,
835,1550.68099,0.044595,
819,1531.168838,0.052027,
808,1511.56125,0.041892,
820,1531.294596,0.044595,
,,,
823.2,1541.979269,0.0458785,Mean
9.6,22.60958948,0.004191912,Std
808,1511.56125,0.039865,Min
842,1600.717655,0.052027,Max
