teta_online = 0.1, teta_agglo = 0.400000 ,,
No hyperboxes, Training time, Testing error,
768,715.324965,0.181181,
748,705.579952,0.167167,
763,775.020276,0.196196,
759,779.343255,0.178178,
735,757.463739,0.193193,
755,775.661024,0.184184,
759,771.464907,0.189189,
750,707.307957,0.179179,
754,711.644923,0.181181,
746,704.801075,0.182182,
,,,
753.7,740.3612073,0.183183,Mean
8.967162316,32.00793553,0.007830866,Std
735,704.801075,0.167167,Min
768,779.343255,0.196196,Max
