teta_online = 0.1, teta_agglo = 0.400000 ,,
No hyperboxes, Training time, Testing error,
40,0.861681,0.083333,
39,0.888357,0,
39,0.892066,0.083333,
38,0.814494,0.027778,
38,0.85565,0.027778,
34,0.825878,0.027778,
38,0.805673,0.055556,
39,0.807995,0.027778,
36,0.774355,0.055556,
40,0.892924,0.083333,
,,,
38.1,0.8419073,0.0472223,Mean
1.757839583,0.039863196,0.027916156,Std
34,0.774355,0,Min
40,0.892924,0.083333,Max
