teta_online = 0.1, teta_agglo = 0.400000 ,,
No hyperboxes, Training time, Testing error,
64,14.706565,0.151515,
62,13.509749,0.151515,
68,14.796739,0.161616,
69,13.7932,0.144781,
64,14.201191,0.208754,
65,13.606213,0.16835,
61,14.007563,0.178451,
66,13.788857,0.171717,
68,14.466211,0.164983,
67,13.363082,0.151515,
,,,
65.4,14.023937,0.1653197,Mean
2.537715508,0.476928867,0.017653486,Std
61,13.363082,0.144781,Min
69,14.796739,0.208754,Max
