teta_online = 0.1, teta_agglo = 0.400000 ,,
No hyperboxes, Training time, Testing error,
10,0.0637,0,
10,0.062844,0,
10,0.066367,0,
10,0.056357,0,
9,0.064567,0,
10,0.067708,0.020833,
10,0.062139,0,
9,0.054962,0.020833,
9,0.058122,0.041667,
10,0.052404,0,
,,,
9.7,0.060917,0.0083333,Mean
0.458257569,0.00488501,0.01381929,Std
9,0.052404,0,Min
10,0.067708,0.041667,Max
