Hidden layer = (20, 10), max_iter = 500Training time, Testing error
0.234159,0.096,,
0.24843,0.148,,
0.21652,0.124,,
0.2891,0.088,,
0.285387,0.12,,
0.330724,0.116,,
0.257878,0.108,,
0.211153,0.108,,
0.193552,0.096,,
0.343084,0.128,,
,,,
0.2609987,0.1132,Mean,
0.047837404,0.016975276,Std,
0.193552,0.088,Min,
0.343084,0.148,Max,
