teta = 0.250000, simil_thres = 0.500000Training time, Testing error
0.404251,0.084,
0.413408,0.112,
0.389953,0.112,
0.412659,0.084,
0.406065,0.096,
0.437551,0.108,
0.446445,0.112,
0.431119,0.096,
0.420311,0.068,
0.401584,0.112,
,,
0.4163346,0.0984,Mean
0.016668186,0.014772948,Std
0.389953,0.068,Min
0.446445,0.112,Max
