teta = 0.400000, simil_thres = 0.500000, measure = short,
No hyperboxes, Training time, Testing error,
37,0.251318,0.133,
37,0.246142,0.135,
35,0.217312,0.127,
36,0.226718,0.137,
36,0.232852,0.11,
35,0.247812,0.139,
37,0.242484,0.124,
35,0.244444,0.134,
38,0.25576,0.129,
38,0.249084,0.121,
,,,
36.4,0.2413926,0.1289,Mean
1.113552873,0.01143032,0.008336066,Std
35,0.217312,0.11,Min
38,0.25576,0.139,Max
