teta = 0.400000, simil_thres = 0.500000, measure = short,
No hyperboxes, Training time, Testing error,
35,1.917246,0.123,
35,1.900387,0.123,
35,1.90195,0.123,
35,1.890259,0.123,
35,1.97697,0.123,
35,1.933846,0.123,
35,1.946119,0.123,
35,1.900064,0.123,
35,1.915516,0.123,
35,1.887276,0.123,
,,,
35,1.9169633,0.123,mean
0,0.026680093,0,Std
35,1.887276,0.123,Min
35,1.97697,0.123,Max
