Kernel = RBF, decision = ovo ,
Training time, Testing error,
0.001809,0.084,
0.001705,0.128,
0.001634,0.104,
0.001891,0.088,
0.001663,0.12,
0.001659,0.108,
0.001669,0.108,
0.001779,0.112,
0.001741,0.092,
0.001633,0.12,
,,
0.0017183,0.1064,Mean
8.11271E-05,0.013879481,Std
0.001633,0.084,Min
0.001891,0.128,Max
