K = 5Training time, Testing error ,
0.000293,0.1,
0.000361,0.136,
0.000335,0.112,
0.000295,0.084,
0.000544,0.112,
0.000297,0.112,
0.00043,0.092,
0.000302,0.116,
0.000292,0.076,
0.000292,0.116,
,,
0.0003441,0.1056,Mean
7.88E-05,1.68E-02,Std
0.000292,0.076,Min
0.000544,0.136,Max
