Training time, Testing error,
0.000424,0.1,
0.000421,0.136,
0.000439,0.116,
0.000421,0.096,
0.00074,0.12,
0.000441,0.116,
0.000614,0.108,
0.000432,0.108,
0.000422,0.1,
0.00042,0.128,
,,
0.0004774,0.1128,Mean
0.00010395,0.012237647,Std
0.00042,0.096,Min
0.00074,0.136,Max
