Teta_start, No hyperboxes, Training time, Testing error
0.900000, 86.000000, 1.711430, 0.122000
0.800000, 83.000000, 1.702995, 0.134000
0.700000, 103.000000, 1.879304, 0.141000
0.600000, 86.000000, 1.548005, 0.119000
0.500000, 112.000000, 1.831751, 0.131000
0.400000, 100.000000, 1.619761, 0.149000
0.300000, 90.000000, 1.429673, 0.145000
0.200000, 103.000000, 1.349763, 0.134000
0.100000, 96.000000, 0.916219, 0.131000
