teta_online = teta_agglo = 0.400000, simil_thres = 0.500000, measure = short, online_training = 0.6 * fulldataset 
No hyperboxes, Training time, Testing error,
34,0.12884,0.055,
40,0.129336,0.04,
39,0.13064,0.085,
39,0.135121,0.06,
37,0.121786,0.065,
38,0.140097,0.045,
37,0.126182,0.065,
40,0.140311,0.07,
41,0.132519,0.025,
39,0.128754,0.04,
,,,
38.4,0.1313586,0.055,Mean
1.907878403,0.00555134,0.016733201,Std
34,0.121786,0.025,Min
41,0.140311,0.085,Max
