teta_online = teta_agglo = 0.400000, simil_thres = 0.500000, measure = short, online_training = 0.6 * fulldataset 
No hyperboxes, Training time, Testing error,
0,0.550608,0.004942,
0,0.564146,0.008237,
0,0.588247,0.014827,
0,0.590021,0.004942,
0,0.631348,0.01318,
0,0.571283,0.004942,
0,0.558018,0.008237,
0,0.584804,0.011532,
0,0.597692,0.009885,
0,0.569046,0.008237,
,,,
0,0.5805213,0.0088961,Mean
0,0.022210002,0.003311514,Std
0,0.550608,0.004942,Min
0,0.631348,0.014827,Max
