teta_online = teta_agglo = 0.400000, simil_thres = 0.500000, measure = short, online_training = 0.6 * fulldataset 
No hyperboxes, Training time, Testing error,
0,0.260586,0.061947,
0,0.234304,0.079646,
0,0.215437,0.053097,
0,0.234965,0.053097,
0,0.232387,0.061947,
0,0.234151,0.035398,
0,0.277684,0.044248,
0,0.268115,0.044248,
0,0.229633,0.061947,
0,0.237466,0.044248,
,,,
0,0.2424728,0.0539823,Mean
0,0.018548245,0.012166135,Std
0,0.215437,0.035398,Min
0,0.277684,0.079646,Max
