teta_online = teta_agglo = 0.400000, simil_thres = 0.500000, measure = short, online_training = 0.6 * fulldataset 
No hyperboxes, Training time, Testing error,
0,0.047884,0.27907,
0,0.05495,0.255814,
0,0.048653,0.348837,
0,0.049834,0.418605,
0,0.052893,0.302326,
0,0.046148,0.348837,
0,0.048123,0.325581,
0,0.047889,0.27907,
0,0.049412,0.27907,
0,0.053432,0.255814,
,,,
0,0.0499218,0.3093024,Mean
0,0.002721616,0.048837181,Std
0,0.046148,0.255814,Min
0,0.05495,0.418605,Max
