teta_online = teta_agglo = 0.400000, simil_thres = 0.500000, measure = short, online_training = 0.6 * fulldataset 
No hyperboxes, Training time, Testing error,
0,0.092974,0.185185,
0,0.104321,0.222222,
0,0.099655,0.222222,
0,0.115978,0.203704,
0,0.111511,0.203704,
0,0.095483,0.203704,
0,0.115995,0.259259,
0,0.109472,0.240741,
0,0.097569,0.222222,
0,0.120427,0.222222,
,,,
0,0.1063385,0.2185185,Mean
0,0.00918326,0.019944979,Std
0,0.092974,0.185185,Min
0,0.120427,0.259259,Max
