teta_online = teta_agglo = 0.400000, simil_thres = 0.500000, measure = short, online_training = 0.6 * fulldataset 
No hyperboxes, Training time, Testing error,
0,0.202875,0.1,
0,0.19126,0.114286,
0,0.197862,0.142857,
0,0.194996,0.128571,
0,0.170805,0.114286,
0,0.169038,0.128571,
0,0.185949,0.114286,
0,0.246104,0.114286,
0,0.224359,0.142857,
0,0.195335,0.142857,
,,,
0,0.1978583,0.1242857,Mean
0,0.021948853,0.014356805,Std
0,0.169038,0.1,Min
0,0.246104,0.142857,Max
