teta_online = teta_agglo = 0.400000, simil_thres = 0.500000, measure = short, online_training = 0.6 * fulldataset 
No hyperboxes, Training time, Testing error,
18,0.01541,0.033333,
16,0.014664,0.033333,
15,0.015168,0.066667,
16,0.014952,0.066667,
13,0.014779,0.066667,
14,0.014572,0.066667,
15,0.016005,0.033333,
17,0.015833,0.066667,
16,0.016097,0.033333,
19,0.017869,0.033333,
,,,
15.9,0.0155349,0.05,Mean
1.7,0.000939194,0.016667,Std
13,0.014572,0.033333,Min
19,0.017869,0.066667,Max
