teta_online = teta_agglo = 0.400000, simil_thres = 0.500000, measure = short, online_training = 0.6 * fulldataset 
No hyperboxes, Training time, Testing error,
0,1.397289,0.038961,
0,1.350996,0.054113,
0,1.302139,0.041126,
0,1.351891,0.047619,
0,1.36866,0.045455,
0,1.351414,0.041126,
0,1.403872,0.04329,
0,1.34745,0.032468,
0,1.291776,0.045455,
0,1.384223,0.034632,
,,,
0,1.354971,0.0424245,Mean
0,0.034791554,0.00598284,Std
0,1.291776,0.032468,Min
0,1.403872,0.054113,Max
