teta_online = teta_agglo = 0.400000, simil_thres = 0.500000, measure = short, online_training = 0.6 * fulldataset 
No hyperboxes, Training time, Testing error,
0,0.190793,0.065,
0,0.199007,0.04,
0,0.186074,0.055,
0,0.198876,0.04,
0,0.20159,0.05,
0,0.187069,0.085,
0,0.181862,0.02,
0,0.176544,0.04,
0,0.203763,0.07,
0,0.200976,0.07,
,,,
0,0.1926554,0.0535,Mean
0,0.008975204,0.018309833,Std
0,0.176544,0.02,Min
0,0.203763,0.085,Max
