teta_online = teta_agglo = 0.400000, simil_thres = 0.500000, measure = short, online_training = 0.6 * fulldataset 
No hyperboxes, Training time, Testing error,
43,0.325435,0.144,
61,0.611367,0.116,
55,0.440292,0.108,
50,0.404465,0.12,
48,0.414214,0.112,
50,0.424113,0.116,
54,0.476516,0.096,
54,0.497317,0.112,
46,0.305839,0.14,
63,0.646863,0.168,
,,,
52.4,0.4546421,0.1232,Mean
5.986651819,0.103893284,0.020143485,Std
43,0.305839,0.096,Min
63,0.646863,0.168,Max
