teta_online = teta_agglo = 0.400000, simil_thres = 0.500000, measure = short, online_training = 0.6 * fulldataset 
No hyperboxes, Training time, Testing error,
0,0.064598,0.141,
0,0.05388,0.143,
0,0.063205,0.121,
0,0.076251,0.115,
0,0.067304,0.123,
0,0.076136,0.14,
0,0.072181,0.104,
0,0.064997,0.098,
0,0.065045,0.105,
0,0.063033,0.146,
,,,
0,0.066663,0.1236,Mean
0,0.006408776,0.017077471,Std
0,0.05388,0.098,Min
0,0.076251,0.146,Max
