teta_online = teta_agglo = 0.400000, simil_thres = 0.500000, measure = short, online_training = 0.6 * fulldataset 
No hyperboxes, Training time, Testing error,
0,0.030715,0.116279,
0,0.037564,0.069767,
0,0.032418,0.046512,
0,0.044494,0.069767,
0,0.033502,0.046512,
0,0.036219,0.093023,
0,0.032356,0.046512,
0,0.030973,0.046512,
0,0.033559,0.046512,
0,0.031252,0.069767,
,,,
0,0.0343052,0.0651163,Mean
0,0.00399965,0.022785725,Std
0,0.030715,0.046512,Min
0,0.044494,0.116279,Max
