teta_online = teta_agglo = 0.400000, simil_thres = 0.500000, measure = short, online_training = 0.6 * fulldataset 
No hyperboxes, Training time, Testing error,
484,26.727551,0.19,
487,26.136259,0.202,
475,25.764208,0.197,
486,25.996977,0.198,
499,26.902568,0.2,
473,23.654467,0.195,
484,24.057392,0.171,
472,23.293149,0.176,
498,25.403342,0.171,
498,24.801362,0.194,
,,,
485.6,25.2737275,0.1894,Mean
9.748846086,1.205754643,0.011456003,Std
472,23.293149,0.171,Min
499,26.902568,0.202,Max
