teta_online = teta_agglo = 0.400000, simil_thres = 0.500000, measure = short, online_training = 0.6 * fulldataset 
No hyperboxes, Training time, Testing error,
0,0.068751,0.055556,
0,0.058979,0.055556,
0,0.078761,0.027778,
0,0.053795,0.027778,
0,0.059711,0.027778,
0,0.057504,0.027778,
0,0.069587,0.027778,
0,0.065409,0.055556,
0,0.057762,0.027778,
0,0.047372,0.027778,
,,,
0,0.0617631,0.0361114,Mean
0,0.008537979,0.012729479,Std
0,0.047372,0.027778,Min
0,0.078761,0.055556,Max
