teta_online = teta_agglo = 0.400000, simil_thres = 0.500000, measure = short, online_training = 0.6 * fulldataset 
No hyperboxes, Training time, Testing error,
0,0.501687,0.244966,
0,0.487217,0.224832,
0,0.530659,0.208054,
0,0.485232,0.231544,
0,0.523584,0.224832,
0,0.507264,0.231544,
0,0.474899,0.238255,
0,0.497386,0.265101,
0,0.522292,0.228188,
0,0.518095,0.191275,
,,,
0,0.5048315,0.2288591,Mean
0,0.017779515,0.018851817,Std
0,0.474899,0.191275,Min
0,0.530659,0.265101,Max
