teta_online = teta_agglo = 0.400000, simil_thres = 0.500000, measure = short, online_training = 0.6 * fulldataset 
No hyperboxes, Training time, Testing error,
0,0.030864,0,
0,0.032457,0.021277,
0,0.031073,0,
0,0.032733,0,
0,0.031951,0,
0,0.031142,0,
0,0.031256,0.021277,
0,0.034922,0.085106,
0,0.032819,0,
0,0.033329,0,
,,,
0,0.0322546,0.012766,Mean
0,0.00120478,0.025531833,Std
0,0.030864,0,Min
0,0.034922,0.085106,Max
