Training time, Testing error,
0.000442,0.088,
0.000637,0.132,
0.000623,0.144,
0.000655,0.108,
0.000611,0.112,
0.000428,0.164,
0.000589,0.128,
0.000656,0.108,
0.000581,0.108,
0.000631,0.144,
,,
0.0005853,0.1236,Mean
7.87E-05,2.16E-02,Std
0.000428,0.088,Min
0.000656,0.164,Max
