teta_online = teta_agglo = 0.400000, simil_thres = 0.500000, measure = short, online_training = 0.6 * fulldataset 
No hyperboxes, Training time, Testing error,
19,0.117081,0.055,
23,0.128079,0.035,
22,0.120017,0.06,
24,0.132903,0.05,
22,0.12412,0.055,
22,0.137067,0.05,
20,0.12139,0.065,
24,0.140024,0.035,
25,0.13763,0.01,
22,0.119414,0.03,
,,,
22.3,0.1277725,0.0445,Mean
1.734935157,0.008114621,0.01588238,Std
19,0.117081,0.01,Min
25,0.140024,0.065,Max
