teta_online = teta_agglo = 0.400000, simil_thres = 0.500000, measure = short, online_training = 0.6 * fulldataset 
No hyperboxes, Training time, Testing error,
23,0.379872,0.003295,
23,0.370594,0.001647,
22,0.370958,0.008237,
23,0.377192,0.008237,
24,0.376794,0.001647,
25,0.384237,0,
23,0.374392,0.008237,
23,0.365663,0.003295,
24,0.375236,0,
25,0.383289,0,
,,,
23.5,0.3758227,0.0034595,Mean
0.921954446,0.005498878,0.003331702,Std
22,0.365663,0,Min
25,0.384237,0.008237,Max
