teta_online = teta_agglo = 0.400000, simil_thres = 0.500000, measure = short, online_training = 0.6 * fulldataset 
No hyperboxes, Training time, Testing error,
52,0.265434,0.061404,
48,0.278241,0.087719,
50,0.309395,0.035088,
51,0.307503,0.061404,
48,0.257414,0.070175,
52,0.269249,0.087719,
56,0.316599,0.061404,
51,0.31485,0.078947,
47,0.31751,0.04386,
49,0.30187,0.04386,
,,,
50.4,0.2938065,0.063158,Mean
2.497999199,0.022348527,0.017455648,Std
47,0.257414,0.035088,Min
56,0.31751,0.087719,Max
