teta_online = teta_agglo = 0.400000, simil_thres = 0.500000, measure = short, online_training = 0.6 * fulldataset 
No hyperboxes, Training time, Testing error,
32,0.046117,0.325581,
30,0.044138,0.348837,
28,0.042655,0.581395,
28,0.047514,0.348837,
29,0.050294,0.372093,
28,0.050044,0.372093,
27,0.046102,0.27907,
32,0.0516,0.27907,
28,0.048528,0.465116,
28,0.041067,0.372093,
,,,
29,0.0468059,0.3744185,Mean
1.673320053,0.003276511,0.085415533,Std
27,0.041067,0.27907,Min
32,0.0516,0.581395,Max
