teta_online = teta_agglo = 0.400000, simil_thres = 0.500000, measure = short, online_training = 0.6 * fulldataset 
No hyperboxes, Training time, Testing error,
10,0.016685,0.033333,
10,0.016633,0.033333,
9,0.014706,0.033333,
10,0.015036,0.066667,
9,0.019129,0.066667,
10,0.015102,0.066667,
10,0.016879,0.033333,
10,0.016947,0.033333,
9,0.015427,0,
11,0.018344,0.033333,
,,,
9.8,0.0164888,0.0399999,Mean
0.6,0.001384686,0.0200002,Std
9,0.014706,0,Min
11,0.019129,0.066667,Max
