teta_online = teta_agglo = 0.400000, simil_thres = 0.500000, measure = short, online_training = 0.6 * fulldataset 
No hyperboxes, Training time, Testing error,
5,0.029226,0,
5,0.027822,0,
5,0.031532,0,
5,0.027788,0,
5,0.028339,0,
5,0.028543,0,
5,0.02864,0,
5,0.028945,0,
5,0.027931,0,
5,0.028431,0,
,,,
5,0.0287197,0,Mean
0,0.00103817,0,Std
5,0.027788,0,Min
5,0.031532,0,Max
