teta_online = teta_agglo = 0.400000, simil_thres = 0.500000, measure = short, online_training = 0.6 * fulldataset 
No hyperboxes, Training time, Testing error,
22,0.178773,0.015,
22,0.175403,0.01,
18,0.153082,0.015,
21,0.175433,0.01,
21,0.167385,0.01,
19,0.157039,0.015,
20,0.159892,0.015,
18,0.154647,0.035,
20,0.165743,0.035,
19,0.161935,0.01,
,,,
20,0.1649332,0.017,Mean
1.414213562,0.008723805,0.009273618,Std
18,0.153082,0.01,Min
22,0.178773,0.035,Max
