teta_online = teta_agglo = 0.400000, simil_thres = 0.500000, measure = short, online_training = 0.6 * fulldataset 
No hyperboxes, Training time, Testing error,
16,0.07515,0.191,
13,0.057108,0.117,
15,0.067513,0.134,
18,0.081911,0.164,
16,0.07371,0.155,
19,0.083775,0.149,
18,0.082331,0.128,
18,0.070911,0.125,
17,0.088976,0.124,
16,0.070183,0.136,
,,,
16.6,0.0751568,0.1423,Mean
1.685229955,0.008895941,0.021531605,Std
13,0.057108,0.117,Min
19,0.088976,0.191,Max
