teta_online = teta_agglo = 0.400000, simil_thres = 0.500000, measure = short, online_training = 0.6 * fulldataset 
No hyperboxes, Training time, Testing error,
31,0.34265,0.168,
49,0.675612,0.144,
44,0.526603,0.156,
39,0.465996,0.168,
37,0.462628,0.12,
38,0.537651,0.188,
43,0.641753,0.128,
43,0.602815,0.136,
35,0.400675,0.144,
51,0.719492,0.16,
,,,
41,0.5375875,0.1512,Mean
5.882176468,0.116127379,0.019661129,Std
31,0.34265,0.12,Min
51,0.719492,0.188,Max
