teta_online = teta_agglo = 0.400000, simil_thres = 0.500000, measure = short, online_training = 0.6 * fulldataset 
No hyperboxes, Training time, Testing error,
13,0.033308,0,
14,0.029194,0.046512,
14,0.026971,0.023256,
12,0.027046,0.069767,
11,0.035292,0.116279,
13,0.024759,0.069767,
15,0.031208,0.023256,
15,0.031146,0.023256,
15,0.030967,0,
11,0.030711,0.023256,
,,,
13.3,0.0300602,0.0395349,Mean
1.486606875,0.002985695,0.034572133,Std
11,0.024759,0,Min
15,0.035292,0.116279,Max
