teta_online = teta_agglo = 0.400000, simil_thres = 0.500000, measure = short, online_training = 0.6 * fulldataset 
No hyperboxes, Training time, Testing error,
332,37.593139,0.174,
328,35.834624,0.212,
324,38.078988,0.183,
325,35.434321,0.174,
341,36.875988,0.197,
314,33.134194,0.188,
330,33.387695,0.181,
318,33.538622,0.179,
337,35.626328,0.179,
336,33.997301,0.176,
,,,
328.5,35.35012,0.1843,Mean
8.077747211,1.702860444,0.011367058,Std
314,33.134194,0.174,Min
341,38.078988,0.212,Max
