teta_online = teta_agglo = 0.400000, simil_thres = 0.500000, measure = short, online_training = 0.6 * fulldataset 
No hyperboxes, Training time, Testing error,
36,0.085791,0,
37,0.074515,0.027778,
35,0.150604,0.027778,
37,0.074414,0.055556,
37,0.069932,0.027778,
35,0.078412,0.055556,
35,0.085406,0.055556,
36,0.081235,0,
36,0.077379,0.027778,
36,0.068679,0,
,,,
36,0.0846367,0.027778,Mean
0.774596669,0.022659281,0.021516746,Std
35,0.068679,0,Min
37,0.150604,0.055556,Max
