teta_online = teta_agglo = 0.400000, simil_thres = 0.500000, measure = short, online_training = 0.6 * fulldataset 
No hyperboxes, Training time, Testing error,
62,0.61811,0.161616,
59,0.600935,0.171717,
65,0.566882,0.144781,
62,0.586978,0.151515,
60,0.632068,0.20202,
59,0.527232,0.188552,
55,0.598698,0.144781,
61,0.584243,0.148148,
59,0.607156,0.127946,
57,0.528058,0.141414,
,,,
59.9,0.585036,0.158249,Mean
2.662705391,0.033401174,0.021768638,Std
55,0.527232,0.127946,Min
65,0.632068,0.20202,Max
