teta_online = teta_agglo = 0.400000, simil_thres = 0.500000, measure = short, online_training = 0.6 * fulldataset 
No hyperboxes, Training time, Testing error,
9,0.032231,0.042553,
9,0.032832,0.021277,
10,0.031169,0,
10,0.032638,0,
9,0.033538,0,
9,0.030942,0,
9,0.031807,0,
9,0.036045,0.06383,
9,0.032898,0.06383,
9,0.034542,0.06383,
,,,
9.2,0.0328642,0.025532,Mean
0.4,0.001467209,0.028226663,Std
9,0.030942,0,Min
10,0.036045,0.06383,Max
