teta = 0.250000Training time, Testing error,
0.059835,0.136,
0.044416,0.18,
0.051643,0.16,
0.042769,0.14,
0.05459,0.156,
0.042808,0.144,
0.037585,0.144,
0.047154,0.14,
0.036707,0.152,
0.055369,0.176,
,,
0.0472876,0.1528,Mean
0.007415382,0.014510686,Std
0.036707,0.136,Min
0.059835,0.18,Max
